feature	ANCOMBC2.pval	ANCOMBC2.adjpval.fdr	mean1	mean2	log2FC	DESCRIPTION
ASV00110	8.4769487750554e-27	1.66148195991086e-24	0.0306486912821919	0.962303058742778	-4.95445324548998	k__Bacteria;p__Firmicutes;c__Bacilli;o__Lactobacillales;f__Streptococcaceae;g__Streptococcus;s__NA
ASV00096	6.07696146495568e-12	4.97237967953055e-10	0.0238546927243864	0.0110400428123258	1.08412216525314	k__Bacteria;p__Firmicutes;c__Clostridia;o__Lachnospirales;f__Lachnospiraceae;g__Coprococcus;s__comes
ASV00278	7.61078522377126e-12	4.97237967953055e-10	0.0258089354056353	0.208157857171851	-2.99228140402109	k__Bacteria;p__Bacteroidota;c__Bacteroidia;o__Bacteroidales;f__Bacteroidaceae;g__Bacteroides;s__coprocola
ASV00135	1.94426559750132e-11	9.52690142775646e-10	0.590909535939512	0.394518884247588	0.582356289515127	k__Bacteria;p__Actinobacteriota;c__Coriobacteriia;o__Coriobacteriales;f__Coriobacteriales_Incertae_Sedis;g__NA;s__NA
ASV00253	3.35248180545737e-11	1.31417286773929e-09	0.0210966281172797	0.0112261965896015	0.88668902573756	k__Bacteria;p__Firmicutes;c__Bacilli;o__Erysipelotrichales;f__Erysipelatoclostridiaceae;g__Erysipelatoclostridium;s__NA
ASV00137	3.77866856480307e-10	1.23436506450234e-08	0.103472728708923	0.0680636031727773	0.601402490251083	k__Bacteria;p__Firmicutes;c__Clostridia;o__Lachnospirales;f__Lachnospiraceae;g__Dorea;s__formicigenerans
ASV00117	6.84961186005752e-10	1.91789132081611e-08	0.0206997069113528	0.00973584751930199	1.05770152293718	k__Bacteria;p__Firmicutes;c__Clostridia;o__Oscillospirales;f__NA;g__NA;s__NA
ASV00426	1.83257530629678e-09	4.4898095004271e-08	0.0872590947767525	0.0603172475860518	0.529791986023104	k__Bacteria;p__Firmicutes;c__Bacilli;o__Erysipelotrichales;f__Erysipelatoclostridiaceae;g__Erysipelotrichaceae_UCG-003;s__NA
ASV00437	2.99926993809068e-09	5.62915649393065e-08	0.0355178652666957	0.0222798322362432	0.663274296231802	k__Bacteria;p__Actinobacteriota;c__Coriobacteriia;o__Coriobacteriales;f__Eggerthellaceae;g__Gordonibacter;s__pamelaeae
ASV00008	3.032398288817e-09	5.62915649393065e-08	0.28971966999632	0.957523592235123	-1.7232599080113	k__Bacteria;p__Firmicutes;c__Clostridia;o__Clostridiales;f__Clostridiaceae;g__Clostridium_sensu_stricto_1;s__NA
ASV00183	3.15922048128761e-09	5.62915649393065e-08	0.0260801895863343	0.0139076060453504	0.888096863509819	k__Bacteria;p__Firmicutes;c__Bacilli;o__Lactobacillales;f__Streptococcaceae;g__Streptococcus;s__NA
ASV00433	7.10734277736192e-09	1.16086598696911e-07	0.138749291555947	0.0868721818087494	0.673035234305527	k__Bacteria;p__Firmicutes;c__Clostridia;o__Clostridia_UCG-014;f__NA;g__NA;s__NA
ASV00002	1.45661452153604e-08	2.1961265093928e-07	20.4955941034203	16.5149197483183	0.311537051692317	k__Bacteria;p__Firmicutes;c__Clostridia;o__Oscillospirales;f__Ruminococcaceae;g__Subdoligranulum;s__NA
ASV00219	2.16038879340425e-08	3.02454431076594e-07	0.0725594603952445	0.0568023539851252	0.351016512200284	k__Bacteria;p__Firmicutes;c__Clostridia;o__Clostridia_UCG-014;f__NA;g__NA;s__NA
ASV00150	2.73059875749221e-08	3.56798237645649e-07	0.0596235029898955	0.0354498995645992	0.743546451249999	k__Bacteria;p__Firmicutes;c__Clostridia;o__Lachnospirales;f__Lachnospiraceae;g__Blautia;s__obeum
ASV00090	3.94634970917181e-08	4.83427839373546e-07	0.0671876809244647	0.032954797144496	1.01884984013359	k__Bacteria;p__Firmicutes;c__Clostridia;o__Lachnospirales;f__Lachnospiraceae;g__Dorea;s__longicatena
ASV00165	6.8892810175163e-08	7.25938485006736e-07	0.022112623543696	0.0833004338269275	-1.8944662522325	k__Bacteria;p__Firmicutes;c__Clostridia;o__Christensenellales;f__Christensenellaceae;g__Christensenellaceae_R-7_group;s__NA
ASV00168	6.91266315286748e-08	7.25938485006736e-07	0.0565168342467998	0.0393987502223079	0.516124228143373	k__Bacteria;p__Firmicutes;c__Clostridia;o__Lachnospirales;f__Lachnospiraceae;g__Lachnospira;s__pectinoschiza
ASV00225	7.03715878322856e-08	7.25938485006736e-07	0.0099110547802082	0.00304335778871866	1.58209751471814	k__Bacteria;p__Firmicutes;c__Clostridia;o__Lachnospirales;f__Lachnospiraceae;g__NA;s__NA
ASV00050	1.05578035865364e-07	1.03466475148057e-06	0.816050038819622	0.643319621523733	0.342931809633311	k__Bacteria;p__Actinobacteriota;c__Coriobacteriia;o__Coriobacteriales;f__Coriobacteriaceae;g__Collinsella;s__aerofaciens
ASV00081	1.8214394700979e-07	1.70001017209137e-06	0.0957769447461375	0.0680924811833794	0.489740987879351	k__Bacteria;p__Firmicutes;c__Clostridia;o__Lachnospirales;f__Lachnospiraceae;g__Lachnoclostridium;s__NA
ASV00009	3.60883424095458e-07	3.21514323285045e-06	0.300697840083706	0.253812909792595	0.244194408110234	k__Bacteria;p__Firmicutes;c__Clostridia;o__Oscillospirales;f__Ruminococcaceae;g__Subdoligranulum;s__variabile
ASV00365	9.31668218667048e-07	7.93943351559745e-06	0.169683474247991	0.103850244774314	0.706188238297239	k__Bacteria;p__Proteobacteria;c__Gammaproteobacteria;o__Enterobacterales;f__Enterobacteriaceae;g__Escherichia/Shigella;s__coli
ASV00396	1.67516096370332e-06	1.36804812035771e-05	0.071228942367241	0.0552864548692416	0.363211924433973	k__Bacteria;p__Actinobacteriota;c__Coriobacteriia;o__Coriobacteriales;f__Eggerthellaceae;g__Adlercreutzia;s__equolifaciens
ASV00832	1.96422644478637e-06	1.53995353271252e-05	0.0311092635993434	0.0135141366636731	1.17918181214056	k__Bacteria;p__Firmicutes;c__Clostridia;o__Clostridia_UCG-014;f__NA;g__NA;s__NA
ASV01337	2.90053371562197e-06	2.18655618562272e-05	0.00645164972899931	0.00330328545197882	0.887513238762265	k__Bacteria;p__Firmicutes;c__Clostridia;o__Oscillospirales;f__Ruminococcaceae;g__Paludicola;s__NA
ASV00007	3.18158282157746e-06	2.30114894616555e-05	17.1082669721725	14.2444998520606	0.264281864658112	k__Bacteria;p__Proteobacteria;c__Gammaproteobacteria;o__Enterobacterales;f__Enterobacteriaceae;g__Citrobacter;s__NA
ASV00061	3.28735563737935e-06	2.30114894616555e-05	2.93021332995832	2.44831797326278	0.259175933677643	k__Bacteria;p__Proteobacteria;c__Gammaproteobacteria;o__Enterobacterales;f__Enterobacteriaceae;g__Citrobacter;s__NA
ASV00351	3.57357005596543e-06	2.41524045161802e-05	0.0362208950671426	0.0182713805297385	0.971810435816273	k__Bacteria;p__Firmicutes;c__Clostridia;o__Lachnospirales;f__Lachnospiraceae;g__Blautia;s__NA
ASV00205	4.46601830546619e-06	2.89230365294993e-05	0.0788740345179762	0.21500907033481	-1.44215018438651	k__Bacteria;p__Bacteroidota;c__Bacteroidia;o__Bacteroidales;f__Rikenellaceae;g__Alistipes;s__obesi
ASV00055	4.57456190007386e-06	2.89230365294993e-05	3.15558065133619	2.6375352297941	0.258679152108425	k__Bacteria;p__Proteobacteria;c__Gammaproteobacteria;o__Enterobacterales;f__Enterobacteriaceae;g__Citrobacter;s__NA
ASV00511	5.68376459123003e-06	3.48130581212839e-05	0.0315174933544359	0.0236523901513846	0.408156154350045	k__Bacteria;p__Firmicutes;c__Clostridia;o__Peptostreptococcales-Tissierellales;f__Anaerovoracaceae;g__NA;s__NA
ASV00670	9.45900975288e-06	5.61807851989236e-05	0.0134429917594505	0.0502156015124914	-1.87037036077531	k__Bacteria;p__Bacteroidota;c__Bacteroidia;o__Bacteroidales;f__Marinifilaceae;g__Odoribacter;s__splanchnicus
ASV00495	1.01178115739226e-05	5.832620789673e-05	0.0600831969649	0.0479149671732355	0.32405977305583	k__Bacteria;p__Proteobacteria;c__Gammaproteobacteria;o__Burkholderiales;f__Sutterellaceae;g__Parasutterella;s__excrementihominis
ASV00224	1.15087428693421e-05	6.44489600683156e-05	0.0220321498888236	0.0111417092427956	0.958666112412175	k__Bacteria;p__Firmicutes;c__Clostridia;o__Oscillospirales;f__Ruminococcaceae;g__Subdoligranulum;s__variabile
ASV00015	1.36242241206489e-05	7.41763313235327e-05	0.548140080364371	0.468774743016782	0.225471358087606	k__Bacteria;p__Actinobacteriota;c__Actinobacteria;o__Bifidobacteriales;f__Bifidobacteriaceae;g__Bifidobacterium;s__NA
ASV00323	1.52636337757184e-05	8.08560059470486e-05	0.0426107819848539	0.0307201395537346	0.466840350772549	k__Bacteria;p__Firmicutes;c__Clostridia;o__Oscillospirales;f__NA;g__NA;s__NA
ASV00028	1.77261048338055e-05	9.14293828269968e-05	0.0169790209347618	0.188343137217624	-3.44094972059915	k__Bacteria;p__Firmicutes;c__Clostridia;o__Clostridiales;f__Clostridiaceae;g__Clostridium_sensu_stricto_1;s__tertium
ASV00443	2.58466413179265e-05	0.0001298959409824	0	0.128202660378851	-8.3260474339574	k__Bacteria;p__Proteobacteria;c__Gammaproteobacteria;o__Enterobacterales;f__Enterobacteriaceae;g__Escherichia/Shigella;s__NA
ASV00419	2.66197322796163e-05	0.00013043668817012	0.0271756591599509	0.0202573992654393	0.416723778230764	k__Bacteria;p__Firmicutes;c__Clostridia;o__Oscillospirales;f__UCG-010;g__NA;s__NA
ASV00042	3.20337437267441e-05	0.000153136921230289	0.0179836327669651	0.012144608879284	0.55132737299662	k__Bacteria;p__Firmicutes;c__Clostridia;o__Clostridia_UCG-014;f__NA;g__NA;s__NA
ASV00455	3.41472090860311e-05	0.000155961214534662	0.00085352880712612	0.048414514471137	-5.28241385067885	k__Bacteria;p__Bacteroidota;c__Bacteroidia;o__Bacteroidales;f__Bacteroidaceae;g__Bacteroides;s__coprocola
ASV00373	3.42159807397472e-05	0.000155961214534662	0.0227656806998254	0.0195334918705015	0.216787147254408	k__Bacteria;p__Firmicutes;c__Clostridia;o__Peptostreptococcales-Tissierellales;f__Anaerovoracaceae;g__Family_XIII_AD3011_group;s__NA
ASV00120	3.87800101196683e-05	0.000172747317805795	0.0195132623730133	0.0190842574473011	0.0314194650553882	k__Bacteria;p__Firmicutes;c__Clostridia;o__Lachnospirales;f__Lachnospiraceae;g__Lachnoclostridium;s__edouardi
ASV00088	4.12297568368263e-05	0.000179578496444843	0.13047770222798	0.120215867466967	0.117798919342716	k__Bacteria;p__Firmicutes;c__Clostridia;o__Monoglobales;f__Monoglobaceae;g__Monoglobus;s__NA
ASV00116	4.96151701890025e-05	0.000211403768631402	0.634675880197547	0.488405409159606	0.377668225317076	k__Bacteria;p__Firmicutes;c__Bacilli;o__Lactobacillales;f__Streptococcaceae;g__Streptococcus;s__NA
ASV00507	5.93191917600619e-05	0.000247373650744088	0.0627769227035549	0.0430220929213744	0.540960716259111	k__Bacteria;p__Firmicutes;c__Bacilli;o__Erysipelotrichales;f__Erysipelatoclostridiaceae;g__Erysipelotrichaceae_UCG-003;s__NA
ASV00537	8.67255418345174e-05	0.000354129295824279	0.0144655370333096	0.00613417416942696	1.18580323568862	k__Bacteria;p__Firmicutes;c__Clostridia;o__Lachnospirales;f__Lachnospiraceae;g__Lachnospira;s__pectinoschiza
ASV00342	9.0732676040225e-05	0.0003629307041609	0.0366913015630045	0.0310203838884539	0.239374893661871	k__Bacteria;p__Firmicutes;c__Bacilli;o__Erysipelotrichales;f__Erysipelotrichaceae;g__Solobacterium;s__moorei
ASV00102	0.000160035882619232	0.000627340659867388	0.130504852678264	0.115244996001645	0.178814662160375	k__Bacteria;p__Firmicutes;c__Clostridia;o__Oscillospirales;f__Oscillospiraceae;g__UCG-002;s__NA
ASV00192	0.000189127031421256	0.000726841140364044	0.294526587322244	0.238538908626489	0.303713237524791	k__Bacteria;p__Firmicutes;c__Negativicutes;o__Veillonellales-Selenomonadales;f__Veillonellaceae;g__Veillonella;s__NA
ASV00368	0.00020389544629222	0.000768528989870677	0.0199555059558189	0.0181913276435767	0.13078430682342	k__Bacteria;p__Firmicutes;c__Clostridia;o__Oscillospirales;f__Ruminococcaceae;g__NA;s__NA
ASV00037	0.00023120292398753	0.000855014586821808	0	0.00379215667037554	-3.38720965023334	k__Bacteria;p__Bacteroidota;c__Bacteroidia;o__Bacteroidales;f__Bacteroidaceae;g__Bacteroides;s__NA
ASV00034	0.000275886877145206	0.00100136718371223	2.32006467218849	2.07144545322807	0.163497287268215	k__Bacteria;p__Bacteroidota;c__Bacteroidia;o__Bacteroidales;f__Bacteroidaceae;g__Bacteroides;s__NA
ASV00041	0.000371979025678447	0.00132559798241774	0.144695392731618	0.112819539378737	0.357876679517686	k__Bacteria;p__Firmicutes;c__Negativicutes;o__Veillonellales-Selenomonadales;f__Veillonellaceae;g__Dialister;s__invisus
ASV01512	0.000440727530025053	0.00154254635508769	0.000394046367134554	0.00616227915533948	-3.0457210035704	k__Bacteria;p__Firmicutes;c__Bacilli;o__Erysipelotrichales;f__Erysipelatoclostridiaceae;g__UCG-004;s__NA
ASV00038	0.000506723496633073	0.00174241763754531	0.0709372818287895	0.0527981116276439	0.423276109314544	k__Bacteria;p__Firmicutes;c__Clostridia;o__Lachnospirales;f__Lachnospiraceae;g__Agathobacter;s__NA
ASV00066	0.000547191680459971	0.00184913050638197	0.10460968869079	0.104631620086935	-0.000301274962406167	k__Bacteria;p__Firmicutes;c__Clostridia;o__Clostridia_UCG-014;f__NA;g__NA;s__NA
ASV01096	0.000577121137960171	0.00191721598373209	0.00344699794842484	0.00137898366461261	1.11235740084732	k__Bacteria;p__Firmicutes;c__Clostridia;o__Oscillospirales;f__Oscillospiraceae;g__NA;s__NA
ASV00018	0.000609047516324638	0.00198915906487861	0.33942764858399	0.880226321835977	-1.37372480247155	k__Bacteria;p__Bacteroidota;c__Bacteroidia;o__Bacteroidales;f__Rikenellaceae;g__Alistipes;s__putredinis
ASV00149	0.000619075015089772	0.00198915906487861	0.539960538710142	0.530357662461829	0.0258689918347697	k__Bacteria;p__Verrucomicrobiota;c__Verrucomicrobiae;o__Verrucomicrobiales;f__Akkermansiaceae;g__Akkermansia;s__muciniphila
ASV00013	0.000663019570659177	0.00209599735240643	3.70102975539166	3.45475240681112	0.0993332799543271	k__Bacteria;p__Actinobacteriota;c__Actinobacteria;o__Bifidobacteriales;f__Bifidobacteriaceae;g__Bifidobacterium;s__longum
ASV00392	0.000849118217916599	0.00261986822458179	0.121574029883554	0.0956266195170412	0.345065349078607	k__Bacteria;p__Firmicutes;c__Negativicutes;o__Veillonellales-Selenomonadales;f__Veillonellaceae;g__Dialister;s__invisus
ASV00307	0.000855467175373647	0.00261986822458179	0.0260730567990587	0.0231981600868884	0.165845499579752	k__Bacteria;p__Firmicutes;c__Clostridia;o__Christensenellales;f__Christensenellaceae;g__Christensenellaceae_R-7_group;s__NA
ASV00222	0.000911546047156986	0.00274866192681183	0.0196315168685444	0.0119143650996539	0.701896037734574	k__Bacteria;p__Firmicutes;c__Bacilli;o__Lactobacillales;f__Streptococcaceae;g__Streptococcus;s__NA
ASV00271	0.00103316772993149	0.00304042271812706	0.115142247045913	0.321614346199037	-1.47869858403628	k__Bacteria;p__Bacteroidota;c__Bacteroidia;o__Bacteroidales;f__Bacteroidaceae;g__Bacteroides;s__NA
ASV00366	0.00103932817405364	0.00304042271812706	0.00884728421766972	0.00534735681854471	0.686060836950049	k__Bacteria;p__Firmicutes;c__Clostridia;o__Oscillospirales;f__Ruminococcaceae;g__NA;s__NA
ASV00157	0.00115914091174993	0.00334105321622039	0.115754684470143	0.22104377744709	-0.930888750952164	k__Bacteria;p__Bacteroidota;c__Bacteroidia;o__Bacteroidales;f__Rikenellaceae;g__Alistipes;s__shahii
ASV01196	0.00125201037599025	0.00354224213741563	0.00200071971250357	0.0108035427542263	-2.22206690209615	k__Bacteria;p__Bacteroidota;c__Bacteroidia;o__Bacteroidales;f__Marinifilaceae;g__Odoribacter;s__splanchnicus
ASV00062	0.00126508647764844	0.00354224213741563	0.355815884728493	0.925993570500002	-1.37887154458953	k__Bacteria;p__Bacteroidota;c__Bacteroidia;o__Bacteroidales;f__Bacteroidaceae;g__Bacteroides;s__NA
ASV00091	0.00163744657788766	0.00452027506008424	0.263249454365387	0.709237960085798	-1.428459629592	k__Bacteria;p__Bacteroidota;c__Bacteroidia;o__Bacteroidales;f__Bacteroidaceae;g__Bacteroides;s__ovatus
ASV00021	0.00218440751647283	0.0059464426837316	0.00840402363298755	0.0566101996118599	-2.69488263304326	k__Bacteria;p__Firmicutes;c__Bacilli;o__Lactobacillales;f__Streptococcaceae;g__Streptococcus;s__NA
ASV00235	0.00237930211822672	0.00638826322154023	0.0226526791617541	0.0188112584274109	0.262973146928413	k__Bacteria;p__Firmicutes;c__Clostridia;o__Lachnospirales;f__Lachnospiraceae;g__Blautia;s__faecis
ASV00112	0.00242939717421946	0.00642582420904628	0.00834397002916958	0.00414769219584661	0.943041236281605	k__Bacteria;p__Firmicutes;c__Clostridia;o__Oscillospirales;f__Ruminococcaceae;g__Ruminococcus;s__bromii
ASV00867	0.002458861304482	0.00642582420904628	0.00934696695032337	0.00406364731591786	1.12660072609251	k__Bacteria;p__Firmicutes;c__Clostridia;o__Oscillospirales;f__Ruminococcaceae;g__Subdoligranulum;s__variabile
ASV00180	0.0027916245584267	0.00719945280857413	0.041603101039537	0.118193733044066	-1.4974436155591	k__Bacteria;p__Firmicutes;c__Clostridia;o__Christensenellales;f__Christensenellaceae;g__Christensenellaceae_R-7_group;s__NA
ASV00001	0.00294775805218589	0.0075033841328368	28.1603340599905	29.4783785129643	-0.0659918033548726	k__Bacteria;p__Proteobacteria;c__Gammaproteobacteria;o__Enterobacterales;f__Enterobacteriaceae;g__Escherichia/Shigella;s__NA
ASV00099	0.00315916640975613	0.00793841815784873	0.00523771073378706	0.0022407973369429	1.09392107985686	k__Bacteria;p__Firmicutes;c__Clostridia;o__Oscillospirales;f__Ruminococcaceae;g__Faecalibacterium;s__prausnitzii
ASV00951	0.00333873404986688	0.00828344144017605	0.00192587052824947	0.0091523573090846	-2.03773894962541	k__Bacteria;p__Bacteroidota;c__Bacteroidia;o__Bacteroidales;f__Barnesiellaceae;g__Coprobacter;s__fastidiosus
ASV00283	0.00339260385530967	0.0083118794455087	0.0605091162315105	0.0468805770442697	0.365405477783907	k__Bacteria;p__Firmicutes;c__Clostridia;o__Lachnospirales;f__Lachnospiraceae;g__Agathobacter;s__NA
ASV00151	0.00345017129809933	0.0083485626472527	0.13966595719071	0.144679833405503	-0.0507403768290917	k__Bacteria;p__Firmicutes;c__Clostridia;o__Lachnospirales;f__Lachnospiraceae;g__Lachnospira;s__pectinoschiza
ASV00863	0.00374331536372398	0.00894743672304757	0.0151044352406954	0.00859542802729353	0.785367335368778	k__Bacteria;p__Actinobacteriota;c__Actinobacteria;o__Actinomycetales;f__Actinomycetaceae;g__Actinomyces;s__NA
ASV00196	0.00438333668612147	0.0103510119334917	0.0140621348444794	0.00874112478432948	0.661793979825628	k__Bacteria;p__Firmicutes;c__Clostridia;o__Lachnospirales;f__Lachnospiraceae;g__Roseburia;s__inulinivorans
ASV00169	0.00583213628773375	0.0136083180047121	0.0134205894222165	0.00524925234144879	1.29057560981538	k__Bacteria;p__Firmicutes;c__Clostridia;o__Lachnospirales;f__Lachnospiraceae;g__Agathobacter;s__NA
ASV00416	0.00677295149725548	0.0156176293348479	0.00665639095018384	0.00328216910052693	0.938236036529106	k__Bacteria;p__Firmicutes;c__Clostridia;o__Lachnospirales;f__Lachnospiraceae;g__Coprococcus;s__catus
ASV01992	0.0082135387658914	0.0187192278850548	0.00267463832408558	0.00135669747113582	0.80729062404156	k__Bacteria;p__Firmicutes;c__Clostridia;o__NA;f__NA;g__NA;s__NA
ASV00140	0.00832988209215273	0.0187661711501372	0.0522006612653204	0.0465098026603982	0.165189043250436	k__Bacteria;p__Proteobacteria;c__Gammaproteobacteria;o__Burkholderiales;f__Sutterellaceae;g__Parasutterella;s__excrementihominis
ASV00522	0.00880036765160982	0.0196008188604037	0.00716182667882207	0.0160995019989956	-1.12553934647432	k__Bacteria;p__Proteobacteria;c__Gammaproteobacteria;o__Pasteurellales;f__Pasteurellaceae;g__Haemophilus;s__NA
ASV00188	0.00898046910346223	0.0197772128570629	0.0451565146123151	0.0953847034034248	-1.07212561962293	k__Bacteria;p__Bacteroidota;c__Bacteroidia;o__Bacteroidales;f__Barnesiellaceae;g__Barnesiella;s__intestinihominis
ASV00336	0.0093268564381506	0.020311820687528	0.0130918705539031	0.0411796583862819	-1.62373409027697	k__Bacteria;p__Firmicutes;c__Clostridia;o__Clostridiales;f__Clostridiaceae;g__Clostridium_sensu_stricto_1;s__NA
ASV00520	0.010500386534407	0.0226162171510304	0.0264632719364409	0.0183194755829488	0.521077732981484	k__Bacteria;p__Proteobacteria;c__Gammaproteobacteria;o__Enterobacterales;f__Enterobacteriaceae;g__Enterobacter;s__NA
ASV00029	0.0113412082834071	0.0241617046037804	0.161208470796675	0.286795316797566	-0.829526516285545	k__Bacteria;p__Firmicutes;c__Bacilli;o__Lactobacillales;f__Enterococcaceae;g__Enterococcus;s__faecalis
ASV00124	0.0116027598752045	0.0244531283391408	0.928828234002186	0.953058153067661	-0.0371366012051607	k__Bacteria;p__Bacteroidota;c__Bacteroidia;o__Bacteroidales;f__Bacteroidaceae;g__Bacteroides;s__NA
ASV00170	0.0117546484234572	0.0245096924574213	0.0187839497645566	0.0143603400042937	0.378157159839942	k__Bacteria;p__Firmicutes;c__Clostridia;o__Oscillospirales;f__Ruminococcaceae;g__Ruminococcus;s__bicirculans
ASV01360	0.0128590320066938	0.0265302134032841	0.00275281867513506	0.00095368533265038	1.21930006307344	k__Bacteria;p__Firmicutes;c__Clostridia;o__Clostridia_UCG-014;f__NA;g__NA;s__NA
ASV01298	0.0137517407825885	0.0280764707644514	0.00430989129695235	0.00947891391974155	-1.06854012888066	k__Bacteria;p__Bacteroidota;c__Bacteroidia;o__Bacteroidales;f__Bacteroidaceae;g__Bacteroides;s__NA
ASV01026	0.0141682494582068	0.0286286277712219	0.0037918735625856	0.0018666491470264	0.886817914396767	k__Bacteria;p__Actinobacteriota;c__Coriobacteriia;o__Coriobacteriales;f__Eggerthellaceae;g__DNF00809;s__NA
ASV00194	0.0143426043890156	0.0286852087780312	0.00371097451950703	0.0104993684355812	-1.40653053541902	k__Bacteria;p__Firmicutes;c__Clostridia;o__Lachnospirales;f__Lachnospiraceae;g__Lachnospiraceae_NK4A136_group;s__NA
ASV00025	0.0166512410702665	0.0329660934320428	0.0767922450223382	0.149495238274538	-0.957420025929258	k__Bacteria;p__Bacteroidota;c__Bacteroidia;o__Bacteroidales;f__Bacteroidaceae;g__Bacteroides;s__NA
ASV00138	0.0179485896514224	0.035179235716788	0.100285678083209	0.111011358234518	-0.146036817043433	k__Bacteria;p__Firmicutes;c__Clostridia;o__Oscillospirales;f__Oscillospiraceae;g__UCG-005;s__NA
ASV00452	0.0185587701253009	0.0360150390550394	0.0042129790506301	0.00179838119445274	1.06900312504905	k__Bacteria;p__Firmicutes;c__Clostridia;o__Lachnospirales;f__Lachnospiraceae;g__Lachnoclostridium;s__NA
ASV00198	0.0205774536046097	0.0395409892794461	0.0164725485908054	0.0174660769171423	-0.0825414523109475	k__Bacteria;p__Firmicutes;c__Clostridia;o__Peptostreptococcales-Tissierellales;f__Peptostreptococcaceae;g__Romboutsia;s__NA
ASV01086	0.0228859235260676	0.0435499127292161	0.00348670425513601	0.0127669441489797	-1.76010780708814	k__Bacteria;p__Bacteroidota;c__Bacteroidia;o__Bacteroidales;f__Bacteroidaceae;g__Bacteroides;s__NA
ASV00078	0.023373274137943	0.0440496320292003	0	0.00118630521156128	-1.98560546288078	k__Bacteria;p__Bacteroidota;c__Bacteroidia;o__Bacteroidales;f__Bacteroidaceae;g__Bacteroides;s__NA
ASV00126	0.0242712933778517	0.0453064143053231	0.0445464642483967	0.0673247916275488	-0.591468434135084	k__Bacteria;p__Firmicutes;c__Clostridia;o__Oscillospirales;f__Ruminococcaceae;g__Incertae_Sedis;s__NA
ASV00145	0.0278737043726261	0.0515400571418369	0.00975715217484124	0.00579309118178105	0.713697120594323	k__Bacteria;p__Firmicutes;c__Clostridia;o__Lachnospirales;f__Lachnospiraceae;g__Blautia;s__NA
ASV00106	0.0287998886226326	0.052684418590989	0.168861414749622	0.123650702916583	0.448320922327711	k__Bacteria;p__Firmicutes;c__Clostridia;o__Oscillospirales;f__Oscillospiraceae;g__UCG-002;s__NA
ASV00523	0.0290301898358511	0.052684418590989	0.00319245462737462	0.00112663119157276	1.23421649723618	k__Bacteria;p__Firmicutes;c__Clostridia;o__Lachnospirales;f__Lachnospiraceae;g__Lachnoclostridium;s__NA
ASV00394	0.0296805319046826	0.0533704977368605	0.0016997890511179	0.000439410202443855	1.32203380992192	k__Bacteria;p__Firmicutes;c__Clostridia;o__Lachnospirales;f__Lachnospiraceae;g__NA;s__NA
ASV00627	0.0304264495314596	0.0540351248865172	0.0459670592339434	0.0413429449375607	0.151565293699485	k__Bacteria;p__Proteobacteria;c__Gammaproteobacteria;o__Enterobacterales;f__Enterobacteriaceae;g__Enterobacter;s__NA
ASV00059	0.0306015248081807	0.0540351248865172	0.0331087955895027	0.0287280946169764	0.202123710421263	k__Bacteria;p__Proteobacteria;c__Gammaproteobacteria;o__Enterobacterales;f__Enterobacteriaceae;g__Enterobacter;s__NA
ASV00023	0.0346141848180375	0.0605748234315657	0.00365428942091783	0.00199283530147995	0.760545248678146	k__Bacteria;p__Firmicutes;c__Clostridia;o__Oscillospirales;f__Ruminococcaceae;g__Faecalibacterium;s__prausnitzii
ASV00742	0.0353307808674762	0.0612817084073039	0.00137117781831242	0.00040743314237806	1.13257561819668	k__Bacteria;p__Firmicutes;c__Clostridia;o__Oscillospirales;f__Ruminococcaceae;g__Candidatus_Soleaferrea;s__NA
ASV00017	0.0387234759308807	0.0665772042320404	0.320426872114711	0.350226094705619	-0.128138101872367	k__Bacteria;p__Firmicutes;c__Clostridia;o__Oscillospirales;f__NA;g__NA;s__NA
ASV00404	0.0411017861860082	0.069965013992198	0.00336545268883148	0.00783896996314227	-1.12948679249673	k__Bacteria;p__Firmicutes;c__Bacilli;o__Lactobacillales;f__Streptococcaceae;g__Streptococcus;s__parasanguinis
ASV00459	0.0416327702944295	0.069965013992198	0.031335076559182	0.10759102950553	-1.7667375021601	k__Bacteria;p__Firmicutes;c__Bacilli;o__Lactobacillales;f__Streptococcaceae;g__Streptococcus;s__anginosus
ASV00113	0.0418147209754376	0.069965013992198	0.21257986193745	0.225830935957452	-0.0870789061415412	k__Bacteria;p__Firmicutes;c__Clostridia;o__Lachnospirales;f__Lachnospiraceae;g__Lachnospira;s__NA
ASV00465	0.04212179413816	0.069965013992198	0.0273500722142862	0.0269520107834814	0.0208440694533757	k__Bacteria;p__Firmicutes;c__Negativicutes;o__Veillonellales-Selenomonadales;f__Veillonellaceae;g__Veillonella;s__parvula
ASV00111	0.0472254750063571	0.0777831353045882	0.0256159803959893	0.0237939618252751	0.10474795234326	k__Bacteria;p__Proteobacteria;c__Gammaproteobacteria;o__Enterobacterales;f__Enterobacteriaceae;g__Enterobacter;s__NA
ASV00072	0.0530486468401524	0.0866461231722489	0.203754497179724	0.510299130717253	-1.32280911748434	k__Bacteria;p__Proteobacteria;c__Gammaproteobacteria;o__Enterobacterales;f__Enterobacteriaceae;g__Escherichia/Shigella;s__NA
ASV00980	0.0546161250168421	0.0884690950686037	0.0253138219041104	0.0102508604313906	1.27151537881813	k__Bacteria;p__Bacteroidota;c__Bacteroidia;o__Bacteroidales;f__Bacteroidaceae;g__Bacteroides;s__uniformis
ASV00221	0.0565865092649888	0.0909094739011295	0.371036740315171	0.386330359721854	-0.0582113868291769	k__Bacteria;p__Bacteroidota;c__Bacteroidia;o__Bacteroidales;f__Bacteroidaceae;g__Bacteroides;s__intestinalis
ASV00143	0.0592098614840045	0.0943506735842673	0.00150644147798623	0.000670123350389161	0.832667880899858	k__Bacteria;p__Proteobacteria;c__Gammaproteobacteria;o__Enterobacterales;f__Enterobacteriaceae;g__Klebsiella;s__NA
ASV00436	0.0679074862507442	0.107337639557628	0.0192090071856704	0.0184405551707855	0.0576727959991283	k__Bacteria;p__Firmicutes;c__Clostridia;o__Oscillospirales;f__Ruminococcaceae;g__NA;s__NA
ASV00833	0.0728758208460364	0.114269287086585	0.0204602426579064	0.0221651574391189	-0.113337038831753	k__Bacteria;p__Bacteroidota;c__Bacteroidia;o__Bacteroidales;f__Rikenellaceae;g__Alistipes;s__ihumii
ASV00005	0.07535522132031	0.117219233164927	0.19120175793929	0.16096875772121	0.247748465855033	k__Bacteria;p__Bacteroidota;c__Bacteroidia;o__Bacteroidales;f__Bacteroidaceae;g__Bacteroides;s__uniformis
ASV01345	0.0879004066550405	0.135657320506992	0.00765854031085448	0.00334138269500262	1.10679420152881	k__Bacteria;p__Bacteroidota;c__Bacteroidia;o__Bacteroidales;f__Bacteroidaceae;g__Bacteroides;s__uniformis
ASV00721	0.0895150375059856	0.137069901181041	0.0117933046527757	0.0108834042450367	0.11187972328895	k__Bacteria;p__Actinobacteriota;c__Coriobacteriia;o__Coriobacteriales;f__Atopobiaceae;g__Atopobium;s__parvulum
ASV00076	0.0942034454051916	0.143130816274555	0.0359553931597502	0.0295784011008614	0.27823971381922	k__Bacteria;p__Firmicutes;c__Bacilli;o__Erysipelotrichales;f__Erysipelatoclostridiaceae;g__Erysipelotrichaceae_UCG-003;s__bacterium_GAM147
ASV00626	0.10693120951065	0.161219362031442	0.00758559406659544	0.00663896959671954	0.182017511013923	k__Bacteria;p__Proteobacteria;c__Alphaproteobacteria;o__Rhodospirillales;f__NA;g__NA;s__NA
ASV00870	0.109333469120916	0.163582900364118	0.0207977476714458	0.022782049060695	-0.129092800420456	k__Bacteria;p__Proteobacteria;c__Gammaproteobacteria;o__Enterobacterales;f__Enterobacteriaceae;g__NA;s__NA
ASV01737	0.113652032662902	0.16875604849946	0.00359191934233192	0.00236199028236637	0.531255301754079	k__Bacteria;p__Firmicutes;c__Clostridia;o__Oscillospirales;f__Ruminococcaceae;g__Ruminococcus;s__bromii
ASV00171	0.122833971600901	0.181018484464486	0.0180131974938783	0.0561197122509752	-1.6179748680453	k__Bacteria;p__Firmicutes;c__Clostridia;o__Clostridiales;f__Clostridiaceae;g__Clostridium_sensu_stricto_1;s__perfringens
ASV00979	0.132688063039562	0.192750840163423	0.00666649828139898	0.0141425447439933	-1.04113472134046	k__Bacteria;p__Firmicutes;c__Clostridia;o__Oscillospirales;f__Oscillospiraceae;g__UCG-002;s__NA
ASV00254	0.132762058275827	0.192750840163423	0.0328015771601147	0.0581247878839993	-0.817782117228742	k__Bacteria;p__Bacteroidota;c__Bacteroidia;o__Bacteroidales;f__Rikenellaceae;g__Alistipes;s__NA
ASV00486	0.145116944649301	0.209139126112229	0.0158789478170207	0.016410300094976	-0.0463359527921603	k__Bacteria;p__Patescibacteria;c__Saccharimonadia;o__Saccharimonadales;f__Saccharimonadaceae;g__TM7x;s__NA
ASV00019	0.152623114729474	0.21835131742319	4.48392661357556	4.87206151921016	-0.119759412823971	k__Bacteria;p__Firmicutes;c__Clostridia;o__Oscillospirales;f__Ruminococcaceae;g__Ruminococcus;s__bromii
ASV00769	0.15585581670197	0.220996509614696	0.0236845970857218	0.027483546682528	-0.211297252108921	k__Bacteria;p__Proteobacteria;c__Gammaproteobacteria;o__Enterobacterales;f__Enterobacteriaceae;g__Enterobacter;s__NA
ASV00650	0.156727116512463	0.220996509614696	0.00616468927516774	0.00542172922775778	0.173258240810681	k__Bacteria;p__Firmicutes;c__Bacilli;o__Erysipelotrichales;f__Erysipelotrichaceae;g__Holdemania;s__NA
ASV00948	0.170184873147269	0.238258822406176	0.00972919488389832	0.0157150418108713	-0.669849290874972	k__Bacteria;p__Bacteroidota;c__Bacteroidia;o__Bacteroidales;f__Marinifilaceae;g__Butyricimonas;s__NA
ASV01327	0.17245971134555	0.239731229955516	0.00413046471773237	0.0083368853993548	-0.947346620665506	k__Bacteria;p__Bacteroidota;c__Bacteroidia;o__Bacteroidales;f__Marinifilaceae;g__Butyricimonas;s__NA
ASV00161	0.181303718201309	0.250250202587722	0.0238751264933442	0.0266835484314511	-0.157933398235159	k__Bacteria;p__Desulfobacterota;c__Desulfovibrionia;o__Desulfovibrionales;f__Desulfovibrionaceae;g__Bilophila;s__wadsworthia
ASV00164	0.190146402292305	0.260620243701341	0.0118948280487459	0.0201462408261385	-0.740788043169747	k__Bacteria;p__Firmicutes;c__Clostridia;o__Oscillospirales;f__Ruminococcaceae;g__UBA1819;s__NA
ASV00550	0.193322454226332	0.263133340474729	0.017805652476803	0.0170272736322534	0.063036940452767	k__Bacteria;p__Firmicutes;c__Clostridia;o__Clostridiales;f__Clostridiaceae;g__Clostridium_sensu_stricto_1;s__paraputrificum
ASV00840	0.212427423599024	0.287143276037301	0.00112493365802348	0.000583981372675863	0.631659053480903	k__Bacteria;p__Firmicutes;c__Clostridia;o__Christensenellales;f__Christensenellaceae;g__NA;s__NA
ASV00489	0.254358114719672	0.341467058116819	0.0293988514745996	0.0459075403933458	-0.635977636606913	k__Bacteria;p__Bacteroidota;c__Bacteroidia;o__Bacteroidales;f__Bacteroidaceae;g__Bacteroides;s__plebeius
ASV00032	0.258244966437441	0.344326621916588	0.207612148087037	0.336248207261096	-0.694572036212086	k__Bacteria;p__Bacteroidota;c__Bacteroidia;o__Bacteroidales;f__Rikenellaceae;g__Alistipes;s__NA
ASV02728	0.266033463790764	0.352314587182363	0.00122334769119999	0.000568895502989975	0.744115249875817	k__Bacteria;p__Firmicutes;c__Clostridia;o__Oscillospirales;f__NA;g__NA;s__NA
ASV00146	0.28169597752506	0.370553097952428	0.0302318762146701	0.0254224138364551	0.246403378613489	k__Bacteria;p__Firmicutes;c__Clostridia;o__Lachnospirales;f__Lachnospiraceae;g__Lachnospira;s__NA
ASV01366	0.290845479704882	0.380038093481045	0.00241224937500241	0.00154104504853817	0.53472065352975	k__Bacteria;p__Patescibacteria;c__Saccharimonadia;o__Saccharimonadales;f__NA;g__NA;s__NA
ASV01232	0.296992552538012	0.385500266870533	0.00391691740278701	0.00407212566902002	-0.050950661188512	k__Bacteria;p__Firmicutes;c__Clostridia;o__Peptostreptococcales-Tissierellales;f__Peptostreptococcales-Tissierellales_fa;g__Fenollaria;s__NA
ASV00119	0.30489082935932	0.393148701015965	0.0497437543521591	0.0740136905264274	-0.569491111860194	k__Bacteria;p__Bacteroidota;c__Bacteroidia;o__Bacteroidales;f__Rikenellaceae;g__Alistipes;s__finegoldii
ASV01162	0.307541447764809	0.393974665110474	0.00218168821327551	0.00202599189784242	0.0897135239494252	k__Bacteria;p__Actinobacteriota;c__Actinobacteria;o__Bifidobacteriales;f__Bifidobacteriaceae;g__Bifidobacterium;s__NA
ASV00457	0.313426877998518	0.396846975510409	0.0262702203276951	0.0273891776499865	-0.0592917877227442	k__Bacteria;p__Firmicutes;c__Negativicutes;o__Veillonellales-Selenomonadales;f__Veillonellaceae;g__Veillonella;s__rogosae
ASV00016	0.313833067367925	0.396846975510409	0.064386937746653	0.120728686579976	-0.90275803950481	k__Bacteria;p__Bacteroidota;c__Bacteroidia;o__Bacteroidales;f__Bacteroidaceae;g__Bacteroides;s__uniformis
ASV00996	0.317935767564747	0.399457759248015	0.00462849914076812	0.00404717837064416	0.17720985293025	k__Bacteria;p__Firmicutes;c__Bacilli;o__Erysipelotrichales;f__Erysipelotrichaceae;g__Turicibacter;s__sanguinis
ASV01303	0.320914725624006	0.400632396320415	0.00377252958673709	0.00527781831993198	-0.444346605850611	k__Bacteria;p__Firmicutes;c__Clostridia;o__Peptostreptococcales-Tissierellales;f__Peptostreptococcaceae;g__Romboutsia;s__sedimentorum
ASV00512	0.344726480798722	0.427635381243984	0.00435194485951918	0.00315302040123789	0.419396351443978	k__Bacteria;p__Firmicutes;c__Bacilli;o__Lactobacillales;f__Streptococcaceae;g__Streptococcus;s__NA
ASV00407	0.366538493841367	0.451833615049736	0.00172298791305192	0.0012034468815877	0.404756777300109	k__Bacteria;p__Firmicutes;c__Clostridia;o__Clostridia_UCG-014;f__NA;g__NA;s__NA
ASV00101	0.380050047493129	0.464464305645261	0.563778848624252	0.926364871917701	-0.716050041747981	k__Bacteria;p__Bacteroidota;c__Bacteroidia;o__Bacteroidales;f__Bacteroidaceae;g__Bacteroides;s__NA
ASV00632	0.38152425106575	0.464464305645261	0.00307034808675472	0.00278521073297087	0.123664028989753	k__Bacteria;p__Firmicutes;c__Clostridia;o__Lachnospirales;f__Lachnospiraceae;g__Lachnospiraceae_UCG-003;s__NA
ASV01537	0.402643461248177	0.487148879041004	0.0031247302165123	0.00323129972803885	-0.0429642935425968	k__Bacteria;p__Proteobacteria;c__Gammaproteobacteria;o__Enterobacterales;f__Enterobacteriaceae;g__Enterobacter;s__NA
ASV00581	0.416564350024536	0.500899463833184	0.0168772167049657	0.0182575177509388	-0.110881665546601	k__Bacteria;p__Actinobacteriota;c__Actinobacteria;o__Bifidobacteriales;f__Bifidobacteriaceae;g__Bifidobacterium;s__NA
ASV00628	0.419429428417038	0.501269316888655	0.030947600687048	0.0455541695549785	-0.551829921357967	k__Bacteria;p__Bacteroidota;c__Bacteroidia;o__Bacteroidales;f__Bacteroidaceae;g__Bacteroides;s__NA
ASV01950	0.424916160703647	0.504748893926757	0.00183843005635251	0.00210553296469302	-0.162579468227654	k__Bacteria;p__Proteobacteria;c__Gammaproteobacteria;o__Enterobacterales;f__Enterobacteriaceae;g__NA;s__NA
ASV00223	0.431684555883258	0.509699837066979	0.0191496917418912	0.0248733326081545	-0.37045769216552	k__Bacteria;p__Actinobacteriota;c__Coriobacteriia;o__Coriobacteriales;f__Eggerthellaceae;g__Eggerthella;s__lenta
ASV00245	0.469863406661962	0.54863729855256	0.0902434049476328	0.10392852945823	-0.202858222718103	k__Bacteria;p__Bacteroidota;c__Bacteroidia;o__Bacteroidales;f__Rikenellaceae;g__Alistipes;s__indistinctus
ASV00280	0.47026054161648	0.54863729855256	0.00174064704369141	0.00122647570273711	0.396140124056738	k__Bacteria;p__Firmicutes;c__Clostridia;o__Oscillospirales;f__Oscillospiraceae;g__NA;s__NA
ASV00082	0.479154996059636	0.555706385962655	0.122961328434427	0.15747575019162	-0.355897491760085	k__Bacteria;p__Bacteroidota;c__Bacteroidia;o__Bacteroidales;f__Tannerellaceae;g__Parabacteroides;s__distasonis
ASV00035	0.483363961848933	0.557290214837594	1.03151451755511	1.47619843001149	-0.516953753479807	k__Bacteria;p__Bacteroidota;c__Bacteroidia;o__Bacteroidales;f__Bacteroidaceae;g__Bacteroides;s__thetaiotaomicron
ASV00464	0.500199800245494	0.573328426012379	0.0018980926884022	0.00354959766618587	-0.781074572379232	k__Bacteria;p__Firmicutes;c__Clostridia;o__Oscillospirales;f__UCG-010;g__NA;s__NA
ASV00710	0.504042281355435	0.574373762474799	0.0176632854283975	0.015184238154522	0.212963292458158	k__Bacteria;p__Firmicutes;c__Clostridia;o__Lachnospirales;f__Lachnospiraceae;g__Coprococcus;s__eutactus
ASV00751	0.531804186227408	0.602506476881918	0.0235532146295165	0.030359091214325	-0.360783735784133	k__Bacteria;p__Firmicutes;c__Negativicutes;o__Veillonellales-Selenomonadales;f__Veillonellaceae;g__Veillonella;s__parvula
ASV00154	0.569855043841305	0.641905681568367	0.237589172018808	0.321595132091995	-0.436141772371117	k__Bacteria;p__Bacteroidota;c__Bacteroidia;o__Bacteroidales;f__Tannerellaceae;g__Parabacteroides;s__distasonis
ASV00163	0.643119767115425	0.720294139169276	0.201323645284394	0.25935694725488	-0.36478095170991	k__Bacteria;p__Bacteroidota;c__Bacteroidia;o__Bacteroidales;f__Tannerellaceae;g__Parabacteroides;s__distasonis
ASV01547	0.659686542468694	0.734650922294682	0.00540281140528571	0.00595049872179798	-0.130101994107001	k__Bacteria;p__Bacteroidota;c__Bacteroidia;o__Bacteroidales;f__Marinifilaceae;g__Butyricimonas;s__NA
ASV01131	0.674666846117797	0.7470887109553	0.0104742723889895	0.0126253257056924	-0.260384369873322	k__Bacteria;p__Bacteroidota;c__Bacteroidia;o__Bacteroidales;f__Bacteroidaceae;g__Bacteroides;s__NA
ASV00346	0.688069999444204	0.75765011174755	0.0547001763153634	0.0784990800570133	-0.517945701217483	k__Bacteria;p__Firmicutes;c__Clostridia;o__Peptostreptococcales-Tissierellales;f__Peptostreptococcaceae;g__Intestinibacter;s__bartlettii
ASV00105	0.72671014646667	0.795727311214901	0.253060169883607	0.339609548685576	-0.423815139091965	k__Bacteria;p__Bacteroidota;c__Bacteroidia;o__Bacteroidales;f__Tannerellaceae;g__Parabacteroides;s__distasonis
ASV00195	0.767309921250961	0.835515247584379	0.00317437706436614	0.00451632811537892	-0.459807885169293	k__Bacteria;p__Firmicutes;c__Clostridia;o__Lachnospirales;f__Lachnospiraceae;g__Lachnospiraceae_NK4A136_group;s__NA
ASV00053	0.787554716866656	0.852821682352843	0.0507346155853582	0.0759974577943544	-0.579217475844345	k__Bacteria;p__Firmicutes;c__Clostridia;o__Oscillospirales;f__Ruminococcaceae;g__Faecalibacterium;s__prausnitzii
ASV00889	0.802439143696621	0.860831001547199	0.0194119815047784	0.023629366317168	-0.278415970010512	k__Bacteria;p__Bacteroidota;c__Bacteroidia;o__Bacteroidales;f__Marinifilaceae;g__Butyricimonas;s__NA
ASV00526	0.803735067771109	0.860831001547199	0.0340965535748263	0.0467416594090983	-0.450542009930715	k__Bacteria;p__Bacteroidota;c__Bacteroidia;o__Bacteroidales;f__Marinifilaceae;g__Butyricimonas;s__NA
ASV00022	0.812496243417739	0.865485128858026	0.654729634008487	0.878858787133778	-0.424507023977192	k__Bacteria;p__Bacteroidota;c__Bacteroidia;o__Bacteroidales;f__Tannerellaceae;g__Parabacteroides;s__distasonis
ASV00938	0.838989481884084	0.883774828181371	0.0130090419898903	0.0168593878845236	-0.364157376967792	k__Bacteria;p__Bacteroidota;c__Bacteroidia;o__Bacteroidales;f__Tannerellaceae;g__Parabacteroides;s__gordonii
ASV00482	0.841491611419508	0.883774828181371	0.00620055699325584	0.00841466020858516	-0.417276574538348	k__Bacteria;p__Firmicutes;c__Bacilli;o__Erysipelotrichales;f__Erysipelotrichaceae;g__Turicibacter;s__sanguinis
ASV01341	0.844445396819916	0.883774828181371	0.00406052616172452	0.00494552124350916	-0.261077126606163	k__Bacteria;p__Bacteroidota;c__Bacteroidia;o__Bacteroidales;f__Marinifilaceae;g__Butyricimonas;s__NA
ASV00249	0.847702386214784	0.883774828181371	0.048091320183586	0.0634740576778678	-0.397498270219441	k__Bacteria;p__Bacteroidota;c__Bacteroidia;o__Bacteroidales;f__Rikenellaceae;g__Alistipes;s__NA
ASV00543	0.865906892131136	0.897977517765622	0.047835937136144	0.0566809812113362	-0.242898310641994	k__Bacteria;p__Firmicutes;c__Negativicutes;o__Veillonellales-Selenomonadales;f__Veillonellaceae;g__Veillonella;s__NA
ASV00006	0.887537340154041	0.915564835106274	1.77574011064063	2.80613022548453	-0.660041983132769	k__Bacteria;p__Bacteroidota;c__Bacteroidia;o__Bacteroidales;f__Bacteroidaceae;g__Bacteroides;s__NA
ASV00063	0.911589899446069	0.935453509379213	0.00629270021912851	0.00714957956060588	-0.173789810863725	k__Bacteria;p__Firmicutes;c__Bacilli;o__Lactobacillales;f__Enterococcaceae;g__Enterococcus;s__NA
ASV00613	0.927665233326018	0.943654763221399	0.00250582789748276	0.00302707619074232	-0.237973158274177	k__Bacteria;p__Firmicutes;c__Clostridia;o__Oscillospirales;f__Oscillospiraceae;g__UCG-005;s__NA
ASV00815	0.929211067865969	0.943654763221399	0.0182508544664489	0.0251393916849339	-0.453467001475447	k__Bacteria;p__Bacteroidota;c__Bacteroidia;o__Bacteroidales;f__Tannerellaceae;g__Parabacteroides;s__NA
ASV00901	0.965158880765843	0.972937029054552	0.0148429507075338	0.018147707277607	-0.283086184086981	k__Bacteria;p__Bacteroidota;c__Bacteroidia;o__Bacteroidales;f__Marinifilaceae;g__Butyricimonas;s__NA
ASV00304	0.967973064620601	0.972937029054552	0.0180810824282008	0.0350096459607748	-0.938065554929693	k__Bacteria;p__Firmicutes;c__Clostridia;o__Clostridiales;f__Clostridiaceae;g__Clostridium_sensu_stricto_1;s__NA
ASV00289	0.988716582090875	0.988716582090875	0.00486470956705488	0.00512529505563091	-0.0696880027781652	k__Bacteria;p__Firmicutes;c__Clostridia;o__Lachnospirales;f__Lachnospiraceae;g__Coprococcus;s__eutactus
